马俊宇,https://majunyu.pages.dev/
MmzMing的知识库,https://tblog.mmzhiku.xyz/
团子和蛋糕,https://blog.tsh520.cn/
Olinl Blog,https://blog.olinl.com/
夏夜流萤,https://blog.cuteleaf.cn/
椰汁の主页,https://home.132614.xyz/
UpXuu,https://upxuu.com/
Re.Y.Ju.hao | 个人主页,http://irehao.42web.io/
大熊,https://halo.aizaibao.cn/
xf_blog,https://xfcnl.github.io/
年华,https://blog.520781.xyz/
yukino,https://blog.ztyukino.com/
king-blog,https://www.888721.xyz/
冬月,https://dongyue.org/
Mizuki Docs,https://docs.mizuki.mysqil.com/
ZSSO,https://www.zsso.net/
versus0,https://blog.542000.xyz/
星遐蝶梦,https://blog.casto.top/
晴宙,https://qingzhou.dpdns.org/
Saimen blog,https://com.z2m.store/
miuo,https://miuo.me/
my.vueko,https://vuekoo.com/
YFBLOG - 幻新至简,https://yfblog.asia/
十三,https://blog.nw177.cn/
ZhiJing’s Blog,https://iwexe.top/
Sigrika-善良耙耙柑🍊,https://qwq.sigrika.cc/
L!!!!ght,https://sunlight.kejk.cn/
拾光の博客,https://mistfly.xyz/
冰汐梦,https://blog.irier0023.xyz/
ysdy~Blog,https://ysdyblog.ccwu.cc/
风起,https://blog.windstart.top/
小生,https://www.zsso.cn/
Hyde Blog,https://seasir.top/
gc的小站,https://gcweb.cc/
他说,https://090909.top/
RAGNote,https://ragnote.top/
深渊园丁,https://www.minedensity.top/
落樱大王の小窝,https://acblog.sakurafishermua.top/
xane,https://xane.eu.cc/
JerryLife,https://jerry-nis.top/
Yukihime,https://yukihime.dev/
旧梦与花,https://zhh2001.github.io/
Zero-浮生,https://vtdd.vip/
萧小晓,https://blog.lxlovo.top/
Aimerting,https://blog.xuioo.com/
笔尖代码,https://123456l.com/
Pasule,https://pasule.com/
